{
  "sample_count": 16,
  "positive_sample_count": 14,
  "negative_sample_count": 2,
  "negative_abstention_accuracy": 1.0,
  "positive_non_abstention_rate": 0.5714285714285714,
  "zero_rate_overall": {
    "faithfulness": 0.375,
    "answer_relevancy": 0.75,
    "context_precision": 0.25,
    "context_recall": 0.375
  },
  "zero_rate_positive": {
    "faithfulness": 0.42857142857142855,
    "answer_relevancy": 0.7142857142857143,
    "context_precision": 0.2857142857142857,
    "context_recall": 0.42857142857142855
  },
  "zero_rate_negative": {
    "faithfulness": 0.0,
    "answer_relevancy": 1.0,
    "context_precision": 0.0,
    "context_recall": 0.0
  },
  "bootstrap_ci95_overall": {
    "faithfulness": {
      "mean": 0.5572916666666666,
      "ci_low": 0.34375,
      "ci_high": 0.7708333333333334,
      "n": 16
    },
    "answer_relevancy": {
      "mean": 0.19301163628512225,
      "ci_low": 0.046730840640813974,
      "ci_high": 0.3764159832358822,
      "n": 16
    },
    "context_precision": {
      "mean": 0.6874999999541667,
      "ci_low": 0.468749999965625,
      "ci_high": 0.8749999999520833,
      "n": 16
    },
    "context_recall": {
      "mean": 0.59375,
      "ci_low": 0.375,
      "ci_high": 0.8125,
      "n": 16
    }
  },
  "bootstrap_ci95_positive": {
    "faithfulness": {
      "mean": 0.49404761904761907,
      "ci_low": 0.25,
      "ci_high": 0.7261904761904762,
      "n": 14
    },
    "answer_relevancy": {
      "mean": 0.22058472718299685,
      "ci_low": 0.04142691437644016,
      "ci_high": 0.4176803263395292,
      "n": 14
    },
    "context_precision": {
      "mean": 0.6785714285261905,
      "ci_low": 0.4285714285428571,
      "ci_high": 0.8928571427964285,
      "n": 14
    },
    "context_recall": {
      "mean": 0.5357142857142857,
      "ci_low": 0.2857142857142857,
      "ci_high": 0.7857142857142857,
      "n": 14
    }
  },
  "bootstrap_ci95_negative": {
    "faithfulness": {
      "mean": 1.0,
      "ci_low": 1.0,
      "ci_high": 1.0,
      "n": 2
    },
    "answer_relevancy": {
      "mean": 0.0,
      "ci_low": 0.0,
      "ci_high": 0.0,
      "n": 2
    },
    "context_precision": {
      "mean": 0.74999999995,
      "ci_low": 0.49999999995,
      "ci_high": 0.99999999995,
      "n": 2
    },
    "context_recall": {
      "mean": 1.0,
      "ci_low": 1.0,
      "ci_high": 1.0,
      "n": 2
    }
  },
  "notes": [
    "RAGAS metrics can under-score correct abstentions on negative questions.",
    "Use negative_abstention_accuracy alongside core RAGAS metrics for ablations."
  ]
}